{
    "name": "VAPI End of call report",
    "flow": [
        {
            "id": 2,
            "module": "vapi:endOfCallReport",
            "version": 1,
            "parameters": {
                "__IMTHOOK__": 1624920
            },
            "mapper": {},
            "metadata": {
                "designer": {
                    "x": -382,
                    "y": -18
                },
                "restore": {
                    "parameters": {
                        "__IMTHOOK__": {
                            "data": {
                                "editable": "false"
                            },
                            "label": "My Vapi Webhook webhook"
                        }
                    }
                },
                "parameters": [
                    {
                        "name": "__IMTHOOK__",
                        "type": "hook:vapi",
                        "label": "Webhook",
                        "required": true
                    }
                ]
            }
        },
        {
            "id": 6,
            "module": "google-sheets:addRow",
            "version": 2,
            "parameters": {
                "__IMTCONN__": 3202627
            },
            "mapper": {
                "from": "drive",
                "mode": "select",
                "values": {
                    "0": "{{2.customer.name}}",
                    "1": "{{2.customer.number}}",
                    "2": "{{2.endedReason}}",
                    "3": "{{2.recordingUrl}}",
                    "4": "{{2.summary}}",
                    "5": "{{2.transcript}}"
                },
                "sheetId": "Transcript",
                "spreadsheetId": "/1rwI4uewyGgVvBycM2g6FE0irS_SGB0Qzt8nHl8wbIWw",
                "includesHeaders": true,
                "insertDataOption": "INSERT_ROWS",
                "valueInputOption": "USER_ENTERED",
                "insertUnformatted": false
            },
            "metadata": {
                "designer": {
                    "x": -82,
                    "y": -18
                },
                "restore": {
                    "expect": {
                        "from": {
                            "label": "My Drive"
                        },
                        "mode": {
                            "label": "Search by path"
                        },
                        "sheetId": {
                            "label": "Transcript"
                        },
                        "spreadsheetId": {
                            "path": [
                                "AI Cold Caller - Rish"
                            ]
                        },
                        "includesHeaders": {
                            "label": "Yes",
                            "nested": [
                                {
                                    "name": "values",
                                    "spec": [
                                        {
                                            "name": "0",
                                            "type": "text",
                                            "label": "Name (A)"
                                        },
                                        {
                                            "name": "1",
                                            "type": "text",
                                            "label": "Number (B)"
                                        },
                                        {
                                            "name": "2",
                                            "type": "text",
                                            "label": "End Reason (C)"
                                        },
                                        {
                                            "name": "3",
                                            "type": "text",
                                            "label": "Recoring URL (D)"
                                        },
                                        {
                                            "name": "4",
                                            "type": "text",
                                            "label": "Summary (E)"
                                        },
                                        {
                                            "name": "5",
                                            "type": "text",
                                            "label": "Transcript (F)"
                                        },
                                        {
                                            "name": "6",
                                            "type": "text",
                                            "label": "(G)"
                                        },
                                        {
                                            "name": "7",
                                            "type": "text",
                                            "label": "(H)"
                                        },
                                        {
                                            "name": "8",
                                            "type": "text",
                                            "label": "(I)"
                                        },
                                        {
                                            "name": "9",
                                            "type": "text",
                                            "label": "(J)"
                                        },
                                        {
                                            "name": "10",
                                            "type": "text",
                                            "label": "(K)"
                                        },
                                        {
                                            "name": "11",
                                            "type": "text",
                                            "label": "(L)"
                                        },
                                        {
                                            "name": "12",
                                            "type": "text",
                                            "label": "(M)"
                                        },
                                        {
                                            "name": "13",
                                            "type": "text",
                                            "label": "(N)"
                                        },
                                        {
                                            "name": "14",
                                            "type": "text",
                                            "label": "(O)"
                                        },
                                        {
                                            "name": "15",
                                            "type": "text",
                                            "label": "(P)"
                                        },
                                        {
                                            "name": "16",
                                            "type": "text",
                                            "label": "(Q)"
                                        },
                                        {
                                            "name": "17",
                                            "type": "text",
                                            "label": "(R)"
                                        },
                                        {
                                            "name": "18",
                                            "type": "text",
                                            "label": "(S)"
                                        },
                                        {
                                            "name": "19",
                                            "type": "text",
                                            "label": "(T)"
                                        },
                                        {
                                            "name": "20",
                                            "type": "text",
                                            "label": "(U)"
                                        },
                                        {
                                            "name": "21",
                                            "type": "text",
                                            "label": "(V)"
                                        },
                                        {
                                            "name": "22",
                                            "type": "text",
                                            "label": "(W)"
                                        },
                                        {
                                            "name": "23",
                                            "type": "text",
                                            "label": "(X)"
                                        },
                                        {
                                            "name": "24",
                                            "type": "text",
                                            "label": "(Y)"
                                        },
                                        {
                                            "name": "25",
                                            "type": "text",
                                            "label": "(Z)"
                                        },
                                        {
                                            "name": "26",
                                            "type": "text",
                                            "label": "(AA)"
                                        },
                                        {
                                            "name": "27",
                                            "type": "text",
                                            "label": "(AB)"
                                        }
                                    ],
                                    "type": "collection",
                                    "label": "Values"
                                }
                            ]
                        },
                        "insertDataOption": {
                            "mode": "chose",
                            "label": "Insert rows"
                        },
                        "valueInputOption": {
                            "mode": "chose",
                            "label": "User entered"
                        },
                        "insertUnformatted": {
                            "mode": "chose"
                        }
                    },
                    "parameters": {
                        "__IMTCONN__": {
                            "data": {
                                "scoped": "true",
                                "connection": "google"
                            },
                            "label": "My Google connection (rishagarwal4@gmail.com)"
                        }
                    }
                },
                "parameters": [
                    {
                        "name": "__IMTCONN__",
                        "type": "account:google",
                        "label": "Connection",
                        "required": true
                    }
                ],
                "expect": [
                    {
                        "name": "mode",
                        "type": "select",
                        "label": "Search Method",
                        "required": true,
                        "validate": {
                            "enum": [
                                "select",
                                "fromAll",
                                "map"
                            ]
                        }
                    },
                    {
                        "name": "insertUnformatted",
                        "type": "boolean",
                        "label": "Unformatted",
                        "required": true
                    },
                    {
                        "name": "valueInputOption",
                        "type": "select",
                        "label": "Value input option",
                        "validate": {
                            "enum": [
                                "USER_ENTERED",
                                "RAW"
                            ]
                        }
                    },
                    {
                        "name": "insertDataOption",
                        "type": "select",
                        "label": "Insert data option",
                        "validate": {
                            "enum": [
                                "INSERT_ROWS",
                                "OVERWRITE"
                            ]
                        }
                    },
                    {
                        "name": "from",
                        "type": "select",
                        "label": "Drive",
                        "required": true,
                        "validate": {
                            "enum": [
                                "drive",
                                "share",
                                "team"
                            ]
                        }
                    },
                    {
                        "name": "spreadsheetId",
                        "type": "file",
                        "label": "Spreadsheet ID",
                        "required": true
                    },
                    {
                        "name": "sheetId",
                        "type": "select",
                        "label": "Sheet Name",
                        "required": true
                    },
                    {
                        "name": "includesHeaders",
                        "type": "select",
                        "label": "Table contains headers",
                        "required": true,
                        "validate": {
                            "enum": [
                                true,
                                false
                            ]
                        }
                    },
                    {
                        "name": "values",
                        "spec": [
                            {
                                "name": "0",
                                "type": "text",
                                "label": "Name (A)"
                            },
                            {
                                "name": "1",
                                "type": "text",
                                "label": "Number (B)"
                            },
                            {
                                "name": "2",
                                "type": "text",
                                "label": "End Reason (C)"
                            },
                            {
                                "name": "3",
                                "type": "text",
                                "label": "Recoring URL (D)"
                            },
                            {
                                "name": "4",
                                "type": "text",
                                "label": "Summary (E)"
                            },
                            {
                                "name": "5",
                                "type": "text",
                                "label": "Transcript (F)"
                            },
                            {
                                "name": "6",
                                "type": "text",
                                "label": "(G)"
                            },
                            {
                                "name": "7",
                                "type": "text",
                                "label": "(H)"
                            },
                            {
                                "name": "8",
                                "type": "text",
                                "label": "(I)"
                            },
                            {
                                "name": "9",
                                "type": "text",
                                "label": "(J)"
                            },
                            {
                                "name": "10",
                                "type": "text",
                                "label": "(K)"
                            },
                            {
                                "name": "11",
                                "type": "text",
                                "label": "(L)"
                            },
                            {
                                "name": "12",
                                "type": "text",
                                "label": "(M)"
                            },
                            {
                                "name": "13",
                                "type": "text",
                                "label": "(N)"
                            },
                            {
                                "name": "14",
                                "type": "text",
                                "label": "(O)"
                            },
                            {
                                "name": "15",
                                "type": "text",
                                "label": "(P)"
                            },
                            {
                                "name": "16",
                                "type": "text",
                                "label": "(Q)"
                            },
                            {
                                "name": "17",
                                "type": "text",
                                "label": "(R)"
                            },
                            {
                                "name": "18",
                                "type": "text",
                                "label": "(S)"
                            },
                            {
                                "name": "19",
                                "type": "text",
                                "label": "(T)"
                            },
                            {
                                "name": "20",
                                "type": "text",
                                "label": "(U)"
                            },
                            {
                                "name": "21",
                                "type": "text",
                                "label": "(V)"
                            },
                            {
                                "name": "22",
                                "type": "text",
                                "label": "(W)"
                            },
                            {
                                "name": "23",
                                "type": "text",
                                "label": "(X)"
                            },
                            {
                                "name": "24",
                                "type": "text",
                                "label": "(Y)"
                            },
                            {
                                "name": "25",
                                "type": "text",
                                "label": "(Z)"
                            },
                            {
                                "name": "26",
                                "type": "text",
                                "label": "(AA)"
                            },
                            {
                                "name": "27",
                                "type": "text",
                                "label": "(AB)"
                            }
                        ],
                        "type": "collection",
                        "label": "Values"
                    }
                ]
            }
        }
    ],
    "metadata": {
        "instant": true,
        "version": 1,
        "scenario": {
            "roundtrips": 1,
            "maxErrors": 3,
            "autoCommit": true,
            "autoCommitTriggerLast": true,
            "sequential": false,
            "slots": null,
            "confidential": false,
            "dataloss": false,
            "dlq": false,
            "freshVariables": false
        },
        "designer": {
            "orphans": []
        },
        "zone": "us1.make.com"
    }
}