{
    "name": "1. RAG Social Media - Jono Catliff",
    "flow": [
        {
            "id": 1,
            "module": "instagram-business:WatchMedia",
            "version": 1,
            "parameters": {
                "limit": 1,
                "accountId": "17841456996584406",
                "__IMTCONN__": 3390270
            },
            "mapper": {},
            "metadata": {
                "designer": {
                    "x": 0,
                    "y": 0
                },
                "restore": {
                    "parameters": {
                        "accountId": {
                            "label": "DJing.ca (@djingca)"
                        },
                        "__IMTCONN__": {
                            "data": {
                                "scoped": "true",
                                "connection": "facebook"
                            },
                            "label": "Facebook DJing & PhotoKings (Sephora Dmn)"
                        }
                    }
                },
                "parameters": [
                    {
                        "name": "__IMTCONN__",
                        "type": "account:facebook",
                        "label": "Connection",
                        "required": true
                    },
                    {
                        "name": "accountId",
                        "type": "select",
                        "label": "Page",
                        "required": true
                    },
                    {
                        "name": "limit",
                        "type": "uinteger",
                        "label": "Limit",
                        "required": true
                    }
                ]
            }
        },
        {
            "id": 5,
            "module": "airtable:ActionSearchRecords",
            "version": 3,
            "parameters": {
                "__IMTCONN__": 3865396
            },
            "mapper": {
                "base": "appDqdLC3HIEVtWQp",
                "table": "tbleNQkIlXhmBqDdK",
                "fields": [
                    "ID"
                ],
                "formula": "{ID} = \"{{1.id}}\"",
                "maxRecords": "10",
                "useColumnId": false
            },
            "metadata": {
                "designer": {
                    "x": 300,
                    "y": 0
                },
                "restore": {
                    "expect": {
                        "base": {
                            "mode": "chose",
                            "label": "RAG"
                        },
                        "sort": {
                            "mode": "chose"
                        },
                        "view": {
                            "mode": "chose"
                        },
                        "table": {
                            "mode": "chose",
                            "label": "Table 1"
                        },
                        "fields": {
                            "mode": "chose",
                            "label": [
                                "ID"
                            ]
                        },
                        "useColumnId": {
                            "mode": "chose"
                        }
                    },
                    "parameters": {
                        "__IMTCONN__": {
                            "data": {
                                "scoped": "true",
                                "connection": "airtable3"
                            },
                            "label": "Jono Catliff (User ID: usrQliv8ydeNbETac)"
                        }
                    }
                },
                "parameters": [
                    {
                        "name": "__IMTCONN__",
                        "type": "account:airtable3,airtable2",
                        "label": "Connection",
                        "required": true
                    }
                ],
                "expect": [
                    {
                        "name": "base",
                        "type": "select",
                        "label": "Base",
                        "required": true
                    },
                    {
                        "name": "useColumnId",
                        "type": "boolean",
                        "label": "Use Column ID",
                        "required": true
                    },
                    {
                        "name": "table",
                        "type": "select",
                        "label": "Table",
                        "required": true
                    },
                    {
                        "name": "formula",
                        "type": "text",
                        "label": "Formula"
                    },
                    {
                        "name": "maxRecords",
                        "type": "integer",
                        "label": "Limit"
                    },
                    {
                        "name": "sort",
                        "spec": [
                            {
                                "name": "field",
                                "type": "select",
                                "label": "Field",
                                "dynamic": true,
                                "options": []
                            },
                            {
                                "name": "direction",
                                "type": "select",
                                "label": "Direction",
                                "options": [
                                    {
                                        "label": "Descending",
                                        "value": "desc"
                                    },
                                    {
                                        "label": "Ascending",
                                        "value": "asc"
                                    }
                                ]
                            }
                        ],
                        "type": "array",
                        "label": "Sort"
                    },
                    {
                        "name": "view",
                        "type": "select",
                        "label": "View"
                    },
                    {
                        "name": "fields",
                        "type": "select",
                        "label": "Output Fields",
                        "multiple": true
                    }
                ],
                "interface": [
                    {
                        "name": "__IMTLENGTH__",
                        "type": "uinteger",
                        "label": "Total number of bundles"
                    },
                    {
                        "name": "__IMTINDEX__",
                        "type": "uinteger",
                        "label": "Bundle order position"
                    },
                    {
                        "name": "id",
                        "type": "text",
                        "label": "ID"
                    },
                    {
                        "name": "createdTime",
                        "type": "date",
                        "label": "Created Time"
                    },
                    {
                        "name": "ID",
                        "type": "text",
                        "label": "ID"
                    }
                ]
            }
        },
        {
            "id": 6,
            "module": "airtable:upsertRecord",
            "version": 3,
            "parameters": {
                "__IMTCONN__": 3865396
            },
            "mapper": {
                "base": "appDqdLC3HIEVtWQp",
                "table": "tbleNQkIlXhmBqDdK",
                "record": {
                    "fldXe90urpnV1Ju3L": "{{1.caption}}",
                    "fldd9gvAxFYeeshaU": "{{1.permalink}}",
                    "fldeR1U4j3zEple3N": "{{now}}",
                    "fldgBWOZM3u6uVjWm": "{{1.id}}",
                    "fldnozshe8lA4sshC": "Social Media",
                    "fldtRfl8gPN0fBdv9": false
                },
                "recordId": "{{ifempty(5.id; emptystring)}}",
                "typecast": false,
                "useColumnId": false
            },
            "metadata": {
                "designer": {
                    "x": 600,
                    "y": 0
                },
                "restore": {
                    "expect": {
                        "base": {
                            "label": "RAG"
                        },
                        "table": {
                            "label": "Table 1"
                        },
                        "record": {
                            "nested": {
                                "fldnXL76MEl7aY0sn": {
                                    "mode": "chose"
                                },
                                "fldnozshe8lA4sshC": {
                                    "mode": "chose",
                                    "label": "Social Media"
                                },
                                "fldtRfl8gPN0fBdv9": {
                                    "mode": "chose"
                                }
                            }
                        },
                        "typecast": {
                            "mode": "chose"
                        },
                        "useColumnId": {
                            "mode": "chose"
                        }
                    },
                    "parameters": {
                        "__IMTCONN__": {
                            "data": {
                                "scoped": "true",
                                "connection": "airtable3"
                            },
                            "label": "Jono Catliff (User ID: usrQliv8ydeNbETac)"
                        }
                    }
                },
                "parameters": [
                    {
                        "name": "__IMTCONN__",
                        "type": "account:airtable3,airtable2",
                        "label": "Connection",
                        "required": true
                    }
                ],
                "expect": [
                    {
                        "name": "base",
                        "type": "select",
                        "label": "Base",
                        "required": true
                    },
                    {
                        "name": "typecast",
                        "type": "boolean",
                        "label": "Smart links",
                        "required": true
                    },
                    {
                        "name": "useColumnId",
                        "type": "boolean",
                        "label": "Use Column ID",
                        "required": true
                    },
                    {
                        "name": "table",
                        "type": "select",
                        "label": "Table",
                        "required": true
                    },
                    {
                        "name": "recordId",
                        "type": "text",
                        "label": "Record ID"
                    },
                    {
                        "name": "record",
                        "spec": [
                            {
                                "name": "fldgBWOZM3u6uVjWm",
                                "type": "text",
                                "label": "ID"
                            },
                            {
                                "name": "fldeR1U4j3zEple3N",
                                "time": false,
                                "type": "date",
                                "label": "Date"
                            },
                            {
                                "mode": "edit",
                                "name": "fldnozshe8lA4sshC",
                                "type": "select",
                                "label": "File Type"
                            },
                            {
                                "name": "fldXe90urpnV1Ju3L",
                                "type": "text",
                                "label": "Message"
                            },
                            {
                                "name": "fldd9gvAxFYeeshaU",
                                "type": "text",
                                "label": "URL"
                            },
                            {
                                "name": "fldnXL76MEl7aY0sn",
                                "spec": [
                                    {
                                        "name": "url",
                                        "type": "text",
                                        "label": "File URL"
                                    },
                                    {
                                        "name": "filename",
                                        "type": "filename",
                                        "label": "File name"
                                    }
                                ],
                                "type": "array",
                                "label": "File"
                            },
                            {
                                "name": "fldtRfl8gPN0fBdv9",
                                "type": "boolean",
                                "label": "Uploaded"
                            }
                        ],
                        "type": "collection",
                        "label": "Record"
                    }
                ],
                "interface": [
                    {
                        "name": "id",
                        "type": "text",
                        "label": "ID"
                    },
                    {
                        "name": "createdTime",
                        "type": "date",
                        "label": "Created Time"
                    },
                    {
                        "name": "ID",
                        "type": "text",
                        "label": "ID"
                    },
                    {
                        "name": "Date",
                        "time": false,
                        "type": "date",
                        "label": "Date"
                    },
                    {
                        "name": "File Type",
                        "type": "text",
                        "label": "File Type"
                    },
                    {
                        "name": "Message",
                        "type": "text",
                        "label": "Message",
                        "multiline": true
                    },
                    {
                        "name": "URL",
                        "type": "text",
                        "label": "URL"
                    },
                    {
                        "name": "File",
                        "spec": [
                            {
                                "name": "id",
                                "type": "text",
                                "label": "ID"
                            },
                            {
                                "name": "width",
                                "type": "uinteger",
                                "label": "Width"
                            },
                            {
                                "name": "height",
                                "type": "uinteger",
                                "label": "Height"
                            },
                            {
                                "name": "url",
                                "type": "url",
                                "label": "URL"
                            },
                            {
                                "name": "filename",
                                "type": "filename",
                                "label": "File name"
                            },
                            {
                                "name": "size",
                                "type": "uinteger",
                                "label": "Size"
                            },
                            {
                                "name": "type",
                                "type": "text",
                                "label": "MIME type"
                            },
                            {
                                "name": "thumbnails",
                                "spec": [
                                    {
                                        "name": "small",
                                        "spec": [
                                            {
                                                "name": "url",
                                                "type": "url",
                                                "label": "URL"
                                            },
                                            {
                                                "name": "width",
                                                "type": "uinteger",
                                                "label": "Width"
                                            },
                                            {
                                                "name": "height",
                                                "type": "uinteger",
                                                "label": "Height"
                                            }
                                        ],
                                        "type": "collection",
                                        "label": "Small"
                                    },
                                    {
                                        "name": "large",
                                        "spec": [
                                            {
                                                "name": "url",
                                                "type": "url",
                                                "label": "URL"
                                            },
                                            {
                                                "name": "width",
                                                "type": "uinteger",
                                                "label": "Width"
                                            },
                                            {
                                                "name": "height",
                                                "type": "uinteger",
                                                "label": "Height"
                                            }
                                        ],
                                        "type": "collection",
                                        "label": "Large"
                                    },
                                    {
                                        "name": "full",
                                        "spec": [
                                            {
                                                "name": "url",
                                                "type": "url",
                                                "label": "URL"
                                            },
                                            {
                                                "name": "width",
                                                "type": "uinteger",
                                                "label": "Width"
                                            },
                                            {
                                                "name": "height",
                                                "type": "uinteger",
                                                "label": "Height"
                                            }
                                        ],
                                        "type": "collection",
                                        "label": "Full"
                                    }
                                ],
                                "type": "collection",
                                "label": "Thumbnails"
                            }
                        ],
                        "type": "array",
                        "label": "File"
                    },
                    {
                        "name": "Uploaded",
                        "type": "boolean",
                        "label": "Uploaded"
                    }
                ]
            }
        }
    ],
    "metadata": {
        "instant": false,
        "version": 1,
        "scenario": {
            "roundtrips": 1,
            "maxErrors": 3,
            "autoCommit": true,
            "autoCommitTriggerLast": true,
            "sequential": false,
            "slots": null,
            "confidential": false,
            "dataloss": false,
            "dlq": false,
            "freshVariables": false
        },
        "designer": {
            "orphans": []
        },
        "zone": "us1.make.com"
    }
}